{
  "run_name": "_qat_block3_module2_4bits_steps250_20260506_183257_cnndaily_20260507_052630",
  "timestamp": "2026-05-07T05:28:41.496214",
  "rouge1": 0.28734232733307485,
  "rouge2": 0.07079135814443802,
  "rougeL": 0.20039507264463283,
  "rougeLsum": 0.2620440304878464
}