{
  "run_name": "base_mistral7bv03_cnndaily_20260416_211313",
  "timestamp": "2026-04-23T20:03:12.664246",
  "rouge1": 0.21134094683924115,
  "rouge2": 0.05060610676454813,
  "rougeL": 0.13931090985051092,
  "rougeLsum": 0.16687025104328657
}