{
  "run_name": "base_mistral7bv03_cnndaily_20260416_211313",
  "timestamp": "2026-04-17T06:31:00.040643",
  "greedy": {
    "tok_per_sec_p50": 174.03568600253158,
    "tok_per_sec_p90": 245.5539036781289,
    "tok_per_sec_p95": 279.86644030933337,
    "ttft_ms_avg": 14.767829794436693
  },
  "beam_search": {
    "tok_per_sec_p50": 29.511965309864834,
    "tok_per_sec_p90": 32.83956486043082,
    "tok_per_sec_p95": 33.000156722690825
  },
  "peak_vram_gb": 14.79,
  "current_vram_gb": 13.51,
  "reserved_vram_gb": 15.13,
  "model_size_gb": 13.5,
  "param_count_billion": 7.25
}