{
  "run_name": "base_mistral7bv03_cnndaily_20260416_211313",
  "timestamp": "2026-04-17T00:12:59.161402",
  "rouge1": 0.2115461068471836,
  "rouge2": 0.05045685740640634,
  "rougeL": 0.1393764817717295,
  "rougeLsum": 0.16655957343789835
}