{
  "run_name": "lora_peft_r8_a16_lr0.0002_20260501_175437_mistral7bv03_cnndaily_20260501_202602",
  "timestamp": "2026-05-01T20:37:35.784114",
  "rouge1": 0.2844836647015324,
  "rouge2": 0.0673360632555619,
  "rougeL": 0.19677439336068864,
  "rougeLsum": 0.2565025640078833
}