{
  "run_name": "lora_peft_r8_a16_lr0.0002_20260501_175437_mistral7bv03_cnndaily_20260501_202602",
  "timestamp": "2026-05-01T20:48:21.802515",
  "greedy": {
    "tok_per_sec_p50": 183.9659649677928,
    "tok_per_sec_p90": 263.06659236573273,
    "tok_per_sec_p95": 288.15891062185347,
    "ttft_ms_avg": 14.608271885663271
  },
  "beam_search": {
    "tok_per_sec_p50": 30.225699300196332,
    "tok_per_sec_p90": 34.889854525365635,
    "tok_per_sec_p95": 35.18729476434405
  },
  "peak_vram_gb": 14.53,
  "current_vram_gb": 13.51,
  "reserved_vram_gb": 15.13,
  "model_size_gb": 13.5,
  "param_count_billion": 7.25
}