{
  "run_name": "lora_peft_r64_a128_lr0.0002_20260501_175637_mistral7bv03_cnndaily_20260501_202757",
  "timestamp": "2026-05-01T20:38:07.834764",
  "rouge1": 0.2728409233194295,
  "rouge2": 0.0566877173928158,
  "rougeL": 0.18392405465777384,
  "rougeLsum": 0.248720942933221
}