{
  "run_name": "lora_scratch_mistral7bv03_cnndaily_20260420_061534",
  "timestamp": "2026-04-20T07:54:09.255889",
  "rouge1": 0.276937092145204,
  "rouge2": 0.062129403316435926,
  "rougeL": 0.18298732207663454,
  "rougeLsum": 0.2526518394051439
}