{
  "run_name": "lora_peft_r4_a8_lr0.0002_20260501_101920_mistral7bv03_cnndaily_20260502_023358",
  "timestamp": "2026-05-02T02:39:18.553162",
  "rouge1": 0.2803823070715025,
  "rouge2": 0.06641235569991338,
  "rougeL": 0.1917789431281695,
  "rougeLsum": 0.2539179182852582
}