{
  "run_name": "lora_peft_r16_a32_lr0.0002_20260428_080515_mistral7bv03_cnndaily_20260502_023517",
  "timestamp": "2026-05-02T02:40:14.468253",
  "rouge1": 0.27450955975392677,
  "rouge2": 0.061989517422553465,
  "rougeL": 0.19167946435260078,
  "rougeLsum": 0.24843159368488305
}