{
  "run_name": "lora_peft_r2_a4_lr0.0002_20260501_101659_mistral7bv03_cnndaily_20260502_023138",
  "timestamp": "2026-05-02T02:39:00.662446",
  "rouge1": 0.28924385762451377,
  "rouge2": 0.07305394836229587,
  "rougeL": 0.20114591955230518,
  "rougeLsum": 0.26375441848603876
}