{
  "run_name": "lora_peft_r32_a64_lr0.0002_20260501_175558_mistral7bv03_cnndaily_20260501_202654",
  "timestamp": "2026-05-01T20:37:55.197981",
  "rouge1": 0.28243833598846335,
  "rouge2": 0.06498473430201501,
  "rougeL": 0.19336196347291906,
  "rougeLsum": 0.2594473394389945
}