{
  "run_name": "lora_peft_mistral7bv03_cnndaily_20260420_073304",
  "timestamp": "2026-04-20T07:53:52.496257",
  "rouge1": 0.2742205478356979,
  "rouge2": 0.06170768125145078,
  "rougeL": 0.19133246450186725,
  "rougeLsum": 0.24870103244311886
}