{
  "run_name": "ptq_int8_mistral7bv03_cnndaily_20260429_063620",
  "timestamp": "2026-05-03T00:59:02.731467",
  "greedy": {
    "tok_per_sec_p50": 40.173098907700805,
    "tok_per_sec_p90": 51.22533345133208,
    "tok_per_sec_p95": 56.70506611689923,
    "ttft_ms_avg": 15.316264712600969
  },
  "beam_search": {
    "tok_per_sec_p50": 6.904054410533444,
    "tok_per_sec_p90": 7.239178684074756,
    "tok_per_sec_p95": 7.38323586188404
  },
  "peak_vram_gb": 8.13,
  "current_vram_gb": 7.01,
  "reserved_vram_gb": 9.74,
  "model_size_gb": 7.01,
  "param_count_billion": 7.25
}