{
  "run_name": "ptq_int8_mistral7bv03_cnndaily_20260429_063620",
  "timestamp": "2026-04-29T07:06:47.411324",
  "rouge1": 0.20972415792896346,
  "rouge2": 0.04988439511618788,
  "rougeL": 0.13733924522887495,
  "rougeLsum": 0.1650676217076667
}