{
  "run_name": "ptq_gptq_int4_mistral7bv03_cnndaily_20260430_071821",
  "timestamp": "2026-05-01T07:29:38.020258",
  "rouge1": 0.21423603195858362,
  "rouge2": 0.04769059160853934,
  "rougeL": 0.1424301939713354,
  "rougeLsum": 0.17237650964078002
}