{
  "run_name": "ptq_nf4_mistral7bv03_cnndaily_20260429_054826",
  "timestamp": "2026-04-29T07:07:06.721792",
  "rouge1": 0.20382218107187783,
  "rouge2": 0.04709166984067129,
  "rougeL": 0.1331611206934934,
  "rougeLsum": 0.15964363828351547
}