{
  "run_name": "ptq_nf4_mistral7bv03_cnndaily_20260429_054826",
  "timestamp": "2026-04-29T07:45:53.228384",
  "greedy": {
    "tok_per_sec_p50": 108.63055606280302,
    "tok_per_sec_p90": 138.25285028720958,
    "tok_per_sec_p95": 150.85212340196765,
    "ttft_ms_avg": 11.973568474058993
  },
  "beam_search": {
    "tok_per_sec_p50": 15.470206644229041,
    "tok_per_sec_p90": 16.5503691995929,
    "tok_per_sec_p95": 16.64383225765005
  },
  "peak_vram_gb": 5.21,
  "current_vram_gb": 4.19,
  "reserved_vram_gb": 5.79,
  "model_size_gb": 3.75,
  "param_count_billion": 3.76
}