{
  "run_name": "qlora_r8_a16_lr0.0002_mistral7bv03_cnndaily_20260423_172200",
  "timestamp": "2026-04-29T15:42:37.821009",
  "greedy": {
    "tok_per_sec_p50": 67.20099167554787,
    "tok_per_sec_p90": 84.08733664483518,
    "tok_per_sec_p95": 94.76983640852409,
    "ttft_ms_avg": 11.6370823525358
  },
  "beam_search": {
    "tok_per_sec_p50": 9.917306101546668,
    "tok_per_sec_p90": 10.443392975672667,
    "tok_per_sec_p95": 10.550773830054347
  },
  "peak_vram_gb": 5.88,
  "current_vram_gb": 4.37,
  "reserved_vram_gb": 6.62,
  "model_size_gb": 4.26,
  "param_count_billion": 3.76
}