{
  "run_name": "qlora_r32_a64_lr0.0002_mistral7bv03_cnndaily_20260423_173407",
  "timestamp": "2026-04-23T20:04:21.655447",
  "rouge1": 0.2779405534849718,
  "rouge2": 0.0619341172342315,
  "rougeL": 0.18924914961759143,
  "rougeLsum": 0.25403371356923854
}