{
  "run_name": "qlora_r16_a32_lr0.0002_mistral7bv03_cnndaily_20260423_172329",
  "timestamp": "2026-04-29T15:42:53.878091",
  "greedy": {
    "tok_per_sec_p50": 67.99822276868707,
    "tok_per_sec_p90": 84.61619681010559,
    "tok_per_sec_p95": 99.28858585261476,
    "ttft_ms_avg": 11.85445057490142
  },
  "beam_search": {
    "tok_per_sec_p50": 9.971057573675207,
    "tok_per_sec_p90": 10.535878610275574,
    "tok_per_sec_p95": 10.580989786629415
  },
  "peak_vram_gb": 5.88,
  "current_vram_gb": 4.37,
  "reserved_vram_gb": 6.62,
  "model_size_gb": 4.26,
  "param_count_billion": 3.76
}