{
  "run_name": "qlora_r2_a4_lr0.0002_mistral7bv03_cnndaily_20260423_164506",
  "timestamp": "2026-04-29T07:31:44.169603",
  "rouge1": 0.2867622737195725,
  "rouge2": 0.07466527968552808,
  "rougeL": 0.20142379357182144,
  "rougeLsum": 0.26317880952565914
}