{
  "run_name": "qlora_r2_a4_lr0.0002_mistral7bv03_cnndaily_20260423_164506",
  "timestamp": "2026-04-23T20:03:33.163095",
  "rouge1": 0.287116187257882,
  "rouge2": 0.07421125185632342,
  "rougeL": 0.2013469617809079,
  "rougeLsum": 0.2629966435019486
}