{
  "run_name": "qlora_r32_a64_lr0.0002_mistral7bv03_cnndaily_20260423_173407",
  "timestamp": "2026-04-29T15:43:34.227999",
  "greedy": {
    "tok_per_sec_p50": 68.63297548943184,
    "tok_per_sec_p90": 85.53559185978385,
    "tok_per_sec_p95": 99.05426155034321,
    "ttft_ms_avg": 12.481298048805911
  },
  "beam_search": {
    "tok_per_sec_p50": 9.971731550984424,
    "tok_per_sec_p90": 10.605535948511523,
    "tok_per_sec_p95": 10.692952155908493
  },
  "peak_vram_gb": 5.88,
  "current_vram_gb": 4.37,
  "reserved_vram_gb": 6.62,
  "model_size_gb": 4.26,
  "param_count_billion": 3.76
}