{
  "run_name": "qlora_r4_a8_lr0.0002_mistral7bv03_cnndaily_20260423_164640",
  "timestamp": "2026-04-23T20:03:43.539956",
  "rouge1": 0.2907694695648039,
  "rouge2": 0.07048508814515445,
  "rougeL": 0.20079727805366318,
  "rougeLsum": 0.26170962968772626
}