{
  "run_name": "qlora_r16_a32_lr0.0002_mistral7bv03_cnndaily_20260423_172329",
  "timestamp": "2026-04-23T20:04:11.954240",
  "rouge1": 0.27851585637144816,
  "rouge2": 0.0620526746691307,
  "rougeL": 0.19229671665243434,
  "rougeLsum": 0.2526092613811204
}