{
  "run_name": "qlora_r64_a128_lr0.0002_mistral7bv03_cnndaily_20260423_173605",
  "timestamp": "2026-04-29T16:40:51.520555",
  "greedy": {
    "tok_per_sec_p50": 69.65815585561371,
    "tok_per_sec_p90": 89.37566945366736,
    "tok_per_sec_p95": 102.63481604112572,
    "ttft_ms_avg": 11.860529948899057
  },
  "beam_search": {
    "tok_per_sec_p50": 8.89000580009195,
    "tok_per_sec_p90": 9.806092649658355,
    "tok_per_sec_p95": 10.24310977655171
  },
  "peak_vram_gb": 5.88,
  "current_vram_gb": 4.37,
  "reserved_vram_gb": 6.62,
  "model_size_gb": 4.26,
  "param_count_billion": 3.76
}