{
  "run_name": "qlora_r8_a16_lr0.0002_mistral7bv03_cnndaily_20260423_172200",
  "timestamp": "2026-04-23T20:03:59.044474",
  "rouge1": 0.28077930689507585,
  "rouge2": 0.06336551233414295,
  "rougeL": 0.19123838778622038,
  "rougeLsum": 0.25323509020356216
}