{
  "run_name": "qlora_r64_a128_lr0.0002_mistral7bv03_cnndaily_20260423_173605",
  "timestamp": "2026-04-23T20:04:35.544995",
  "rouge1": 0.2679781480199579,
  "rouge2": 0.05432142587146928,
  "rougeL": 0.1802320350348601,
  "rougeLsum": 0.2428756482893436
}