rank,module_type,rouge_l,rouge_l_delta
1,q_proj,0.19437919610208465,-0.006886572997734902
2,gate_proj,0.1954101638159938,-0.005855605283825754
3,down_proj,0.20016355410952408,-0.0011022149902954748
4,k_proj,0.20071597249304346,-0.0005497966067760929
5,up_proj,0.20387904416886934,0.002613275069049792
6,o_proj,0.20468887886226603,0.0034231097624464746
7,v_proj,0.20524083656686623,0.003975067467046678
