rank,module_type,rouge_l,rouge_l_delta
1,down_proj,0.19573884968011013,-0.0028960916616133092
2,o_proj,0.19749023529401305,-0.0011447060477103865
3,gate_proj,0.19846821253618746,-0.00016672880553597613
4,k_proj,0.19936565706220538,0.0007307157204819448
5,v_proj,0.20088074924433175,0.00224580790260831
6,up_proj,0.20355748631809822,0.0049225449763747875
7,q_proj,0.20549434245309733,0.006859401111373897
